CREATE TABLE DEPOSITE
(
	ACTNO INT,
	CNAME VARCHAR(50),
	BNAME VARCHAR(50),
	AMOUNT DECIMAL(8,2),
	ADATE DATETIME
)

CREATE TABLE BRANCH
(
	BNAME VARCHAR(50),
	CITY VARCHAR(50)
)

CREATE TABLE CUSTOMERS
(
	CNAME VARCHAR(50),
	CITY VARCHAR(50)
)

CREATE TABLE BORROW
(
	LOANNO INT,
	CNAME VARCHAR(50),
	BNAME VARCHAR(50),
	AMOUNT DECIMAL(8,2)
)


Insert into DEPOSIT values(101,'ANIL','VRCE',1000,'1995-03-01')
Insert into DEPOSIT values(102,'SUNIL','AJNI',5000,'1996-04-01')
Insert into DEPOSIT values(103,'MEHUL','KAROLBAGH',3500,'1995-11-17')
Insert into DEPOSIT values(104,'MADHURI','CHANDI',1200,'1995-12-17')
Insert into DEPOSIT values(105,'PRAMOD','M.G.ROAD',3000,'1996-03-27')
Insert into DEPOSIT values(106,'SANDIP','ANDHERI',2000,'1996-03-31')
Insert into DEPOSIT values(107,'SHIVANI','VIRAR',1000,'1995-09-05')
Insert into DEPOSIT values(108,'KRANTI','NEHRU PLACE',5000,'1995-07-02')
Insert into DEPOSIT values(109,'MINU','POWAI',7000,'1995-08-10')





INSERT INTO BRANCH VALUES('AJNI','NAGPUR')
INSERT INTO BRANCH VALUES('KAROLBAGH','DELHI')
INSERT INTO BRANCH VALUES('CHANDI','DELHI')
INSERT INTO BRANCH VALUES('DHARAMPETH','NAGPUR')
INSERT INTO BRANCH VALUES('M.G.ROAD','BANGLORE')
INSERT INTO BRANCH VALUES('ANDHERI','BOMBAY')
INSERT INTO BRANCH VALUES('VIRAR','BOMBAY')
INSERT INTO BRANCH VALUES('NEHRU PLACE','DELHI')
INSERT INTO BRANCH VALUES('POWAI','BOMBAY')


INSERT INTO CUSTOMERS VALUES('ANIL','CALCUTTA')
INSERT INTO CUSTOMERS VALUES('SUNIL','DELHI')
INSERT INTO CUSTOMERS VALUES('MEHUL','BARODA')
INSERT INTO CUSTOMERS VALUES('MANDAR','PATNA')
INSERT INTO CUSTOMERS VALUES('MADHURI','NAGPUR')
INSERT INTO CUSTOMERS VALUES('PRAMOD','NAGPUR')
INSERT INTO CUSTOMERS VALUES('SANDIP','SURAT')
INSERT INTO CUSTOMERS VALUES('SHIVANI','BOMBAY')
INSERT INTO CUSTOMERS VALUES('KRANTI','BOMBAY')
INSERT INTO CUSTOMERS VALUES('NAREN','BOMBAY')

INSERT INTO BORROW VALUES(201,'ANIL','VRCE',1000)
INSERT INTO BORROW VALUES(206,'MEHUL','AJNI',5000)
INSERT INTO BORROW VALUES(311,'SUNIL','DHARAMPETH',3000)
INSERT INTO BORROW VALUES(321,'MADHURI','ANDHERI',2000)
INSERT INTO BORROW VALUES(375,'PRAMOD','VIRAR',8000)
INSERT INTO BORROW VALUES(481,'KRANTI','NEHRU PLACE',3000)

/*2.1*/

/*1*/
SELECT * FROM DEPOSIT
/*2*/
SELECT * FROM BORROW
/*3*/
SELECT * FROM CUSTOMERS
/*4*/
SELECT ACTNO,CNAME,AMOUNT FROM DEPOSIT
/*5*/
SELECT LOANNO,AMOUNT FROM BORROW
/*6*/
SELECT * FROM BORROW WHERE BNAME='ANDHERI' 
/*7*/
SELECT ACTNO,AMOUNT FROM DEPOSIT WHERE ACTNO=106 
/*8*/
SELECT CNAME FROM BORROW WHERE AMOUNT>5000
/*9*/
SELECT CNAME FROM DEPOSIT WHERE ADATE>'1996-12-01' 
/*10*/
SELECT CNAME FROM DEPOSIT WHERE ACTNO<105
/*11*/
SELECT CNAME FROM CUSTOMERS WHERE CITY='NAGPUR' OR CITY='DELHI'
/*12*/
SELECT CNAME,BNAME FROM DEPOSIT WHERE AMOUNT>4000 AND ACTNO<105
/*13*/
SELECT CNAME FROM BORROW WHERE AMOUNT>=3000 AND AMOUNT<=8000 

SELECT CNAME FROM BORROW WHERE AMOUNT BETWEEN 3000 AND 8000
/*14*/
SELECT CNAME FROM DEPOSIT WHERE BNAME!='ANDHERI'

SELECT CNAME FROM DEPOSIT WHERE BNAME<>'ANDHERI'
/*15*/
SELECT CNAME FROM BORROW WHERE AMOUNT IS NULL
/*16*/
SELECT ACTNO,CNAME,AMOUNT FROM DEPOSIT WHERE BNAME IN('AJNI','KAROLBAGH','M.G.ROAD') AND ACTNO<104
/*17*/
SELECT TOP 5 * FROM DEPOSIT   
/*18*/
SELECT TOP 3 CNAME,BNAME FROM DEPOSIT WHERE AMOUNT>1000
/*19*/
SELECT TOP 5 LOANNO,CNAME FROM BORROW WHERE BNAME<>'ANDHERI'
/*20*/
SELECT DISTINCT CITY FROM CUSTOMERS
/*21*/
SELECT DISTINCT BNAME FROM BRANCH
/*22*/
SELECT * FROM CUSTOMERS ORDER BY CITY ASC

SELECT * FROM CUSTOMERS ORDER BY CITY 
/*23*/
SELECT * FROM DEPOSIT ORDER BY AMOUNT DESC
/*24*/
SELECT * FROM CUSTOMERS ORDER BY CITY DESC
/*25*/
SELECT DISTINCT CNAME AS UNI_BORROWER FROM BORROW 

/*2.2*/

/*1*/
UPDATE DEPOSIT SET AMOUNT=5000 WHERE AMOUNT=3000

SELECT * FROM DEPOSIT

/*2*/
UPDATE BORROW SET BNAME='C.G.ROAD' WHERE CNAME='VRCE'

SELECT * FROM BORROW

/*3*/
UPDATE DEPOSIT SET ACTNO=111,AMOUNT=5000 WHERE CNAME='SANDIP' 

SELECT * FROM DEPOSIT

/*4*/
UPDATE DEPOSIT SET AMOUNT=AMOUNT+(AMOUNT*0.1)

SELECT * FROM DEPOSIT

/*5*/
UPDATE DEPOSIT SET AMOUNT=5000 WHERE ACTNO BETWEEN 103 AND 107

SELECT *FROM DEPOSIT

/*6*/
UPDATE BORROW SET AMOUNT=NULL WHERE LOANNO=321

SELECT * FROM BORROW

/*7*/
UPDATE BORROW SET LOANNO=401,BNAME='AJNI' WHERE LOANNO=201 AND BNAME='VRCE'

SELECT * FROM BORROW

/*8*/
UPDATE CUSTOMERS SET CNAME='ANIL JAIN' WHERE CNAME='ANIL'

/*9*/
UPDATE DEPOSIT SET CNAME='RAMESH',BNAME='VRCE',AMOUNT=5500 WHERE ACTNO=102

/*10*/
UPDATE BORROW SET BNAME=NULL,AMOUNT=NULL WHERE LOANNO=481 AND CNAME='KRANTI'  


/*LAB 2.3*/

/*1*/
DELETE FROM CUSTOMERS WHERE CITY='BOMBAY'

/*2*/
DELETE FROM BORROW WHERE AMOUNT<=1000

/*3*/
DELETE FROM BORROW WHERE BNAME='AJNI'

/*4*/
DELETE FROM BORROW WHERE LOANNO>201 AND LOANNO<210
SELECT * FROM BORROW

/*5*/
DELETE FROM DEPOSIT WHERE ADATE>'1996-12-01'
SELECT * FROM DEPOSIT

/*6*/
TRUNCATE TABLE CUSTOMERS

/*7*/
DELETE FROM DEPOSIT WHERE ACTNO=201 AND CNAME='AJNI'

/*8*/
DELETE FROM DEPOSIT WHERE BNAME!='ANDHERI'
SELECT* FROM DEPOSIT

/*9*/
DELETE FROM BORROW WHERE LOANNO<2000 AND BNAME<>'VRCE'

/*10*/
DROP TABLE BRANCH

/*LAB 3*/

CREATE TABLE STUDENT
(
	ENROLLMENT_NO VARCHAR(20),
	NAME VARCHAR(25),
	CPI DECIMAL(5,2),
	BIRTHDATE DATETIME
)

SELECT * FROM STUDENT

/*1*/
ALTER TABLE STUDENT
ADD CITY VARCHAR(20) NULL,
BACKLOG INT NOT NULL
 
SELECT * FROM STUDENT

/*2*/
ALTER TABLE STUDENT
ALTER COLUMN NAME VARCHAR(35)

/*3*/
ALTER TABLE STUDENT
ALTER COLUMN CPI INT

/*4*/
SP_RENAME 'STUDENT.ENROLLMENT_NO','ENO','COLUMN'
SELECT * FROM STUDENT

/*5*/
ALTER TABLE STUDENT
DROP COLUMN CITY  

/*6*/
SP_RENAME 'STUDENT','STUDENT_MASTER'
SELECT * FROM STUDENT_MASTER 

/*7*/
ALTER TABLE STUDENT_MASTER
DROP COLUMN BACKLOG

/*8*/
ALTER TABLE STUDENT_MASTER
ALTER COLUMN NAME VARCHAR(25) NOT NULL

/*9*/
SP_RENAME 'STUDENT_MASTER.BIRTHDATE','BDATE','COLUMN'
SELECT * FROM STUDENT_MASTER

/*10*/
ALTER TABLE STUDENT_MASTER
ALTER COLUMN ENO VARCHAR(12)


/*LAB 5*/

CREATE TABLE STUDENTS
(
	STUID INT,
	FIRSTNAME VARCHAR(25),
	LASTNAME VARCHAR(25),
	WEBSITE VARCHAR(50),
	CITY VARCHAR(25),
	DIVISION VARCHAR(20)
)

INSERT INTO STUDENTS VALUES(1011,'KEYUR','PATEL','technothenet.com','RAJKOT','II-BCX')
INSERT INTO STUDENTS VALUES(1022,'HARDIK','SHAH','digminecraft.com','AHMEDABAD','I-BCY')
INSERT INTO STUDENTS VALUES(1033,'KAJAL','TRIVEDI','bigactivities.com','BARODA','IV-DCX')
INSERT INTO STUDENTS VALUES(1044,'BHOOMI','GAJERA','checkyourmath.com','AHMEDABAD','III-DCW')
INSERT INTO STUDENTS VALUES(1055,'HARMIT','MITEL',NULL,'RAJKOT','II-BCY')
INSERT INTO STUDENTS VALUES(1066,'ASHOK','JANI',NULL,'BARODA','II-BCZ')

/*1*/
SELECT * FROM STUDENTS WHERE FIRSTNAME LIKE 'K%'

/*2*/
SELECT * FROM STUDENTS WHERE FIRSTNAME LIKE '_____'

/*3*/
SELECT * FROM STUDENTS WHERE CITY LIKE '_____A'

/*4*/
SELECT * FROM STUDENTS WHERE LASTNAME LIKE '%TEL'  

/*5*/
SELECT * FROM STUDENTS WHERE FIRSTNAME LIKE 'HA%T' 

/*6*/
SELECT * FROM STUDENTS WHERE FIRSTNAME LIKE 'K_Y%' 
SELECT * FROM STUDENTS

/*7*/
SELECT * FROM STUDENTS WHERE WEBSITE IS NULL AND FIRSTNAME LIKE '_____' 

/*8*/
SELECT * FROM STUDENTS WHERE LASTNAME LIKE '%JER%' 

/*9*/
SELECT * FROM STUDENTS WHERE CITY LIKE '[R,B]%' 

/*10*/
SELECT * FROM STUDENTS WHERE WEBSITE IS NOT NULL 

/*11*/
SELECT * FROM STUDENTS WHERE FIRSTNAME LIKE '[A-H]%' 

/*12*/
SELECT * FROM STUDENTS WHERE FIRSTNAME LIKE '_[A,E,I,O,U]%' 

/*13*/
SELECT * FROM STUDENTS WHERE CITY LIKE '%ROD%'

/*14*/
SELECT FIRSTNAME,LASTNAME FROM STUDENTS WHERE WEBSITE LIKE 'BI%' 

/*15*/
SELECT * FROM STUDENTS WHERE LASTNAME LIKE '_____' 

/*16*/
SELECT * FROM STUDENTS WHERE CITY LIKE '______' AND CITY NOT LIKE 'BA%'

/*17*/
SELECT * FROM STUDENTS WHERE DIVISION LIKE 'II%'

/*18*/
SELECT * FROM STUDENTS WHERE DIVISION LIKE '%BC%'

/*19*/
SELECT * FROM STUDENTS WHERE DIVISION LIKE '______' AND WEBSITE IS NOT NULL

/*20*/
SELECT * FROM STUDENTS WHERE FIRSTNAME NOT LIKE '__[A,E,I,O,U]%'

















--Lab-6

/*1*/
SELECT 5*30

/*2*/
SELECT ABS(-25),ABS(25),ABS(-50),ABS(50)

/*3*/
SELECT CEILING(25.2),CEILING(25.7),CEILING(-25.2)

/*4*/
SELECT FLOOR(25.2),FLOOR(25.7),FLOOR(-25.2)

/*5*/
SELECT 5%2,5%3 

/*6*/
SELECT POWER(3,2),POWER(4,3)

/*7*/
SELECT SQRT(25),SQRT(30),SQRT(50)

/*8*/
SELECT SQUARE(5),SQUARE(15),SQUARE(25)

/*9*/
SELECT PI()

/*10*/
SELECT ROUND(157.732,2),ROUND(157.732,0),ROUND(157.732,-2)

/*11*/
SELECT EXP(2),EXP(3)

/*12*/
SELECT LOG10(5),LOG10(100)

/*13*/
SELECT SIN(3.1415),COS(3.1415),TAN(3.1415)

/*14*/
SELECT SIGN(-25),SIGN(0),SIGN(25)

/*15*/
SELECT RAND()

/*1*/
SELECT LEN(NULL),LEN('HELLO'),LEN('')

/*2*/
SELECT LOWER('RUSHI'),UPPER('RUSHI')

/*3*/
SELECT SUBSTRING('DARSHAN UNIVERSITY',1,3)

/*4*/
SELECT SUBSTRING('DARSHAN UNIVERSITY',3,8)

/*5*/
SELECT REPLACE('ABC123EFG',123,'XYZ'),REPLACE('ABCABCABC','C',5)

/*6*/
SELECT ASCII('a'),ASCII('A'),ASCII('z'),ASCII('Z'),ASCII(0),ASCII(9)

/*7*/
SELECT CHAR(97),CHAR(65),CHAR(122),CHAR(90),CHAR(48),CHAR(57)

/*8,9*/
SELECT LTRIM('   HELLO WORLD    '),RTRIM('     HELLO WORLD   ')

/*10*/
SELECT LEFT('SQL SERVER',4),RIGHT('SQL SERVER',5)

/*11*/
SELECT CAST('1234.56' AS FLOAT) 

/*12*/
SELECT CONVERT(INT,10.58)

/*13*/
SELECT SPACE(10)+'DARSHAN UNIVERSITY'

/*14*/
SELECT ('DARSHAN'+' '+'UNIVERSITY')

SELECT CONCAT('DARSHAN','UNIVERSITY')

/*15*/
SELECT REVERSE('DARSHAN')

/*16*/
SELECT REPLICATE('DARSHAN UNIVERSITY',3)

/*17*/
SELECT STUFF('SQL SERVER',1,3,'HTML')

/*18*/
SELECT COALESCE(NULL,'DARSHAN',NULL,'UNIVERSITY')

/*19*/
SELECT ISNUMERIC(34)
SELECT ISNUMERIC('DARSHAN')

/*20*/
SELECT CHARINDEX('T','CUSTOMER')

-----------------------------------------------------------Lab 7-------------------------------------------------------

/*1*/
SELECT GETDATE() AS 'TODAY_DATE'

/*2*/
SELECT GETDATE() + 365

/*3*/
SELECT CONVERT(VARCHAR,GETDATE())

/*4*/
SELECT CONVERT(VARCHAR,GETDATE(),106)
SELECT CONVERT(VARCHAR,GETDATE(),6)

/*5*/
SELECT CONVERT(VARCHAR,GETDATE(),107)
SELECT CONVERT(VARCHAR,GETDATE(),7)

/*6*/
SELECT DATEDIFF(MONTH,'2008-12-31','2009-03-31')

/*7*/
SELECT DATEDIFF(YEAR,'2008-12-31','2009-03-31')

/*8*/
SELECT DATEDIFF(HOUR,'2012-01-24 07:00','2012-01-26 10:30')

/*9*/
SELECT DAY('2016-05-12'),MONTH('2016-05-12'),YEAR('2016-05-12')

/*10*/
SELECT DATEADD(YEAR,5,GETDATE())

/*11*/
SELECT DATEADD(MONTH,-2,GETDATE())

/*12*/
SELECT DATENAME(MONTH,GETDATE())
SELECT DATEPART(MONTH,GETDATE())

/*13*/
SELECT EOMONTH(GETDATE())

/*14*/
SELECT GETDATE()+30
SELECT DATEADD(DAY,30,GETDATE())

/*15*/
SELECT DATEDIFF(MONTH,'2004-06-29',GETDATE()),DATEDIFF(YEAR,'2004-06-29',GETDATE())


----------------------------------------------------------- LAB 8 --------------------------------------------------------

CREATE TABLE EMPLOYEE
(
	EID INT,
	ENAME VARCHAR(50),
	DEPARTMENT VARCHAR(50),
	SALARY DECIMAL(8,2),
	JOININGDATE DATETIME,
	CITY VARCHAR(50)
)

SELECT * FROM EMPLOYEE

INSERT INTO EMPLOYEE VALUES
(101,'RAHUL','ADMIN',56000,'1990-01-01','RAJKOT'),
(102,'HARDIK','IT',18000,'1990-09-25','AHMEDABAD'),
(103,'BHAVIN','HR',25000,'1991-05-14','BARODA'),
(104,'BHOOMI','ADMIN',39000,'1991-02-08','RAJKOT'),
(105,'ROHIT','IT',17000,'1990-07-23','JAMNAGAR'),
(106,'PRIYA','IT',9000,'1990-10-18','AHMEDABAD'),
(107,'NEHA','HR',34000,'1991-12-25','RAJKOT')


--1
SELECT MAX(SALARY) AS MAXIMUM,MIN(SALARY) AS MINIMUM,SUM(SALARY) AS TOTAL_SUM,AVG(SALARY) AS AVERAGE FROM EMPLOYEE

--2
SELECT COUNT(EID) AS [TOTAL NUMBER] FROM EMPLOYEE

--3
SELECT MAX(SALARY) AS [MAX SALARY] FROM EMPLOYEE WHERE DEPARTMENT='IT'

--4
SELECT COUNT(DISTINCT CITY) AS [CITY COUNT] FROM EMPLOYEE

--5
SELECT COUNT(EID) AS [EMPLOYEE IN CITY],CITY AS CITY FROM EMPLOYEE GROUP BY CITY

--6
SELECT COUNT(EID) AS [EMPLOYEE IN CITY],CITY AS CITY FROM EMPLOYEE GROUP BY CITY HAVING COUNT(CITY)>1

--7
SELECT SUM(SALARY) AS [TOTAL SALARY],DEPARTMENT FROM EMPLOYEE GROUP BY DEPARTMENT 

--8
SELECT AVG(SALARY) AS [AVERAGE SALARY] FROM EMPLOYEE GROUP BY DEPARTMENT

--9
SELECT MIN(SALARY) AS [MINIMUM SALARY] FROM EMPLOYEE WHERE CITY='AHMEDABAD' GROUP BY DEPARTMENT

--10
SELECT SUM(SALARY) AS [TOTAL SALARY],DEPARTMENT FROM EMPLOYEE WHERE CITY='RAJKOT' GROUP BY DEPARTMENT HAVING SUM(SALARY)>50000 

--11
SELECT COUNT(EID) AS [TOTAL EMPLOYEE] FROM EMPLOYEE WHERE CITY='RAJKOT'

--12
SELECT MAX(SALARY)-MIN(SALARY) AS [SAL_DIFFRENCE] FROM EMPLOYEE

--13
SELECT COUNT(EID) AS [TOTAL EMPLOYEE] FROM EMPLOYEE WHERE JOININGDATE<'1991-01-01'

--14
SELECT SUM(SALARY) AS [TOTAL SALARY],DEPARTMENT FROM EMPLOYEE GROUP BY DEPARTMENT HAVING SUM(SALARY)>35000 ORDER BY SUM(SALARY) 

--15
SELECT COUNT(EID) AS [COUNT],DEPARTMENT FROM EMPLOYEE GROUP BY DEPARTMENT HAVING COUNT(EID)>2

--16
SELECT MIN(SALARY) AS [MINIMUM SALARY],CITY FROM EMPLOYEE WHERE CITY='RAJKOT' GROUP BY CITY

--17
SELECT COUNT(EID) AS [COUNT],CITY FROM EMPLOYEE GROUP BY CITY

--18
SELECT MIN(SALARY) AS [MINIMUM SALARY],DEPARTMENT FROM EMPLOYEE GROUP BY DEPARTMENT

--19
SELECT SUM(SALARY) AS [SALARY] FROM EMPLOYEE GROUP BY CITY

--20
SELECT SUM(SALARY) AS [SALARY], MAX(SALARY) AS [MAXIMUM] ,MIN(SALARY) AS [MINIMUM],DEPARTMENT FROM EMPLOYEE GROUP BY DEPARTMENT

SP_RENAME 'EMPLOYEE','EMPLOYEE1'
SELECT * FROM EMPLOYEE1


-----------------------------------------LAB 9--------------------------------------------------------------------
--SET OPERATOR

CREATE TABLE COMPUTER
(
	ROLLNO INT,
	NAME VARCHAR(50)
)

INSERT INTO COMPUTER VALUES
(101,'AJAY'),
(102,'HARESH'),
(103,'MANISH')

SELECT * FROM COMPUTER

CREATE TABLE ELECTRICAL
(
	ROLLNO INT,
	NAME VARCHAR(50)
)

INSERT INTO ELECTRICAL VALUES
(105,'AJAY'),
(107,'MAHESH'),
(115,'MANISH')

SELECT * FROM ELECTRICAL

--1
SELECT NAME FROM COMPUTER 
UNION 
SELECT NAME FROM ELECTRICAL

--2
SELECT NAME FROM COMPUTER 
UNION ALL 
SELECT NAME FROM ELECTRICAL

--3
SELECT NAME FROM COMPUTER 
INTERSECT 
SELECT NAME FROM ELECTRICAL

--4
SELECT NAME FROM COMPUTER 
EXCEPT 
SELECT NAME FROM ELECTRICAL

--5
SELECT NAME FROM ELECTRICAL 
EXCEPT 
SELECT NAME FROM COMPUTER

--6
SELECT * FROM COMPUTER 
UNION 
SELECT * FROM ELECTRICAL

--7
SELECT * FROM COMPUTER 
INTERSECT 
SELECT * FROM ELECTRICAL



--INTO OPERATOR

CREATE TABLE CRICKET
(
	NAME VARCHAR(50),
	CITY VARCHAR(50),
	AGE INT
)

INSERT INTO CRICKET VALUES
('SACHIN TENDULKLAR','MUMBAI',30),
('RAHUL DRAVID','BOMBAY',35),
('M.S.DHONI','JHARKHAN',31),
('SURESH RAINA','GUJARAT',30)

SELECT * FROM CRICKET

--1
SELECT * 
INTO WORLDCUP 
FROM CRICKET

SELECT * FROM WORLDCUP

--2
SELECT NAME,CITY 
INTO T20 
FROM CRICKET
WHERE 1=2


SELECT * FROM T20

--3
SELECT * 
INTO IPL 
FROM CRICKET 
WHERE 1=2

SELECT * FROM IPL

--4
INSERT INTO IPL
SELECT * 
FROM CRICKET 
WHERE NAME LIKE '_A%' AND NAME LIKE '_______%';

SELECT * FROM IPL

--5
TRUNCATE TABLE IPL

--6
DELETE FROM CRICKET WHERE CITY='JHARKHAN'
SELECT * FROM CRICKET

--7
SP_RENAME 'IPL','IPL2018'
SELECT * FROM IPL2018

--8
DROP TABLE T20



--------------------------------------LAB 10----------------------------------

CREATE TABLE STUDENT
(
	RNO INT,
	NAME VARCHAR(50),
	BRANCH VARCHAR(50)
)

INSERT INTO STUDENT VALUES
(101,'RAJU','CE'),
(102,'AMIT','CE'),
(103,'SANJAY','ME'),
(104,'NEHA','EC'),
(105,'MEERA','EE'),
(106,'MAHESH','ME')

CREATE TABLE RESULT
(
	RNO INT,
	SPI DECIMAL(4,2),
)

INSERT INTO RESULT VALUES
(101,8.8),
(102,9.2),
(103,7.6),
(104,8.2),
(105,7.0),
(107,8.9)

CREATE TABLE EMPLOYEE
(
	EMPLOYEENO VARCHAR(50),
	NAME VARCHAR(50),
	MANAGERNO VARCHAR(50)
)

INSERT INTO EMPLOYEE VALUES
('E01','TARUN',NULL),
('E02','ROHAN','E02'),
('E03','PRIYA','E01'),
('E04','MILAN','E03'),
('E05','JAY','E01'),
('E06','ANJANA','E04')

SELECT * FROM STUDENT

SELECT * FROM RESULT

SELECT * FROM EMPLOYEE

--1
SELECT * FROM STUDENT
CROSS JOIN 
RESULT

--2
SELECT STUDENT.RNO,NAME,BRANCH,SPI 
FROM STUDENT
LEFT OUTER JOIN
RESULT
ON STUDENT.RNO=RESULT.RNO
WHERE BRANCH='CE'

--3
SELECT STUDENT.RNO,NAME,BRANCH,SPI 
FROM STUDENT
LEFT OUTER JOIN
RESULT
ON STUDENT.RNO=RESULT.RNO
WHERE BRANCH!='EC'

--4
SELECT BRANCH,AVG(SPI)
FROM
STUDENT
INNER JOIN
RESULT
ON STUDENT.RNO=RESULT.RNO
GROUP BY BRANCH

--5
SELECT AVG(SPI)
FROM STUDENT
LEFT OUTER JOIN
RESULT
ON STUDENT.RNO=RESULT.RNO
WHERE BRANCH='CE'


--7
SELECT * FROM
STUDENT
LEFT OUTER JOIN
RESULT
ON STUDENT.RNO = RESULT.RNO

--8
SELECT * FROM
STUDENT
RIGHT OUTER JOIN
RESULT
ON STUDENT.RNO = RESULT.RNO

--9
SELECT * FROM
STUDENT
FULL OUTER JOIN
RESULT
ON STUDENT.RNO = RESULT.RNO

---------------------------

CREATE TABLE CITY
(
	CITYID INT,
	CITYNAME VARCHAR(50),
	PINCODE VARCHAR(6),
	REMARKS VARCHAR(250)
)

INSERT INTO CITY VALUES
(1,'RAJKOT','360005','GOOD')

	




















